르 챔버 Le Chamber,서울시,강남구,강남구 청담동 83-4,02-6337-2014,True
바 티 센트 Bar Tea Scent,서울시,강남구,강남구 청담동 83-12,02-6052-6579,True
라이온스 덴 Lion's Den 청담,서울시,강남구,강남구 청담동 84-11,02-512-1136,True
바 루팡 Bar Lupin,서울시,강남구,강남구 청담동 84-18,02-511-8418,True
앨리스 청담 Alice Cheongdam,서울시,강남구,강남구 청담동 84-20,02-511-8420,True
카이포라 Caipora,서울시,강남구,강남구 청담동 84-24,02-544-4389,True
미스터 칠드런 Mr.Childern,서울시,강남구,강남구 청담동 84-25,010 7793 8425,True
스틸 STILL,서울시,강남구,강남구 청담동 85-7,02-547-2016,True
키퍼스 Keeper's,서울시,강남구,강남구 청담동 87-9,02-549-9992,True
비28 B28,서울시,강남구,강남구 청담동 88-2,010-3402-2828,False
레솔베르 Resolver,서울시,강남구,강남구 청담동 88-29,02-3446-5546,True
하이 엔드 High End,서울시,강남구,강남구 청담동 89-6,02-6956-864,True
바 하우스 House,서울시,강남구,강남구 청담동 89-6,010 3241 7456,True
벨 뷰 Belle Vue,서울시,강남구,강남구 청담동 91-3,010-7394-8388,True
화이트 바 White Bar,서울시,강남구,강남구 청담동 93-14,02-6207-7429,True
볼트+82 Vault +82,서울시,강남구,강남구 청담동 95-15,02-544-9234,True
트웰브 Twelve 청담,서울시,강남구,강남구 청담동 95-16,02-548-1201,False
셜록 Sherlock,서울시,강남구,강남구 청담동 117-38,070-8885-0221,True
더 부즈 청담 The Booze,서울시,강남구,강남구 청담동 121-30,02-547-8002,True
디청담 The Cheongdam,서울시,강남구,강남구 청담동 125-24,02-6240-9300,True
노마드 Nomad,서울시,강남구,강남구 청담동 128-3,02-511-1283,True
카사 델 비노 Casa del Vino,서울시,강남구,강남구 청담동 141-13,02-542-8003,True
리아 라운지 LIA Lounge,서울시,강남구,강남구 청담동 3,02-6480-8955,True
메이트 재즈 Mate Jazz,서울시,강남구,강남구 청담동 19-36,070-8899-3030,True
믹솔로지 The Mixology,서울시,강남구,강남구 청담동 22-14,02-511-8214,True
복싱 타이거 Boxing Tiger,서울시,강남구,강남구 신사동 510-3,02-540-2399,True
바 데노체 Bar De Noche,서울시,강남구,강남구 신사동 510-11,02-545-4005,False
바 챕터 원 Bar Chapter One,서울시,강남구,강남구 신사동 525-19,02-543-0308,True
타스 바 Tass Bar,서울시,강남구,강남구 신사동 526-3,02-517-3029,True
몽리 라운지 Monlit Lounge,서울시,강남구,강남구 신사동 529-6,070-7740-3789,True
타라 Tara,서울시,강남구,강남구 신사동 539,02-544-9587,True
빌라레코드 Villarecords,서울시,강남구,강남구 신사동 540,02-703-6070,True
노퍼블릭 하우스 NoPublic Haus,서울시,강남구,강남구 신사동 545-1,02-540-3714,True
페타테 Petate,서울시,강남구,강남구 신사동 546-20,02-516-3342,True
프래그릿 가로수길 Fragrit,서울시,강남구,강남구 신사동 551-14,02-545-0380,False
하이볼가든 Highball Garden,서울시,강남구,강남구 신사동 552-3,070-8886-4636,True
안다즈 호텔,서울시,강남구,강남구 신사동 603,02-2193-1234,True
파복스 Pavox Bar 신사,서울시,강남구,강남구 신사동 563-18,010-9750-4259,True
알렉스 네스트 Alec's Nest,서울시,강남구,강남구 신사동 572-4,02-544-0150,True
게스후 엘피바 Guess Who LP Bar,서울시,강남구,강남구 신사동 586,02-547-9063,False
Bar 서랍,서울시,강남구,강남구 신사동 613-9,010-3333-3484,False
바 머스크 Bar Musk,서울시,강남구,강남구 신사동 630-21,02-543-6321,True
바 마크스 Mark's,서울시,강남구,강남구 신사동 634-1,02-6295-3129,False
플랜비 Plan B Bar,서울시,강남구,강남구 신사동 663-15,010-4158-4695,True
폴 스타 Pole Star,서울시,강남구,강남구 신사동 648-14,02-514-3450,True
미스터 사이몬바 Mr.Saimon Bar,서울시,강남구,강남구 신사동 655-7,02-3445-6108,True
제이 앤 제이슨 J and Jason,서울시,강남구,강남구 신사동 656-25,010-6631-7053,False
클라시코 Classico,서울시,강남구,강남구 신사동 657-13,010-3704-7896,True
바 샴 Sahm Bar,서울시,강남구,강남구 신사동 660-17,070-4125-6413,False
노터블 NOTABLE,서울시,강남구,강남구 신사동 660-17,070-4125-6413,False
바 정크 Bar Junk,서울시,강남구,강남구 신사동 665-12,02-548-2083,True
쓰리 인 어 베드 Three in a bed,서울시,강남구,강남구 역삼동 601-29,02-557-9255,False
세이버리 Bar Savory,서울시,강남구,강남구 역삼동 637-29,070-4115-8668,True
우리술 바 작 Zac,서울시,강남구,강남구 역삼동 640-11,02-501-2342,False
머큐어 호텔 루프탑 클라우드 Rooftop KLOUD,서울시,강남구,강남구 역삼동 642,02-2050-6035,True
마릴린 Marilyn,서울시,강남구,강남구 역삼동 667-16,02-6207-0460,True
커피바케이 Coffee Bar K 역삼,서울시,강남구,강남구 역삼동 675-3,02-516-1970,True
디볼루프 D.VOLUP,서울시,강남구,강남구 역삼동 678-15,02-558-1979,False
델라마노 BAR DELA MANO,서울시,강남구,강남구 역삼동 690-10,070-7778-6476,True
몰트코크 Malt Coke,서울시,강남구,강남구 역삼동 700-23,010-4334-9360,False
바 어글리 Bar Ugly,서울시,강남구,강남구 역삼동 816-4,02-501-4222,True
파복스 Pavox Bar 강남,서울시,강남구,강남구 역삼동 817-10,010-9750-4259,True
원가바 강남,서울시,강남구,강남구 역삼동 818-7,010-9590-7332,True
디깅 Diggin,서울시,강남구,강남구 역삼동 823-8,02-562-1014,False
타로맨스 Taromance,서울시,강남구,강남구 역삼동 835-33,010-4983-9410,True
몰트바 드램 Maltbar Dram,서울시,강남구,강남구 삼성동 5-1,02-3444-0808,False
몰트바 오프 Maltbar Off,서울시,강남구,강남구 삼성동 9-7,02-516-6201,True
루이스 Louis Bar 삼성동,서울시,강남구,강남구 삼성동 115-17,02-501-8887,False
L7 Hotel 강남 플로팅 라운지 Floating Lounge,서울시,강남구,강남구 삼성동 142-41,02-2011-1041,True
삼성리 그랜드살롱,서울시,강남구,강남구 삼성동 148-9,010-5725-0200,True
더 트리하우스 The Tree House,서울시,강남구,강남구 삼성동 148-13,02-556-2017,True
몰트바 배럴 Maltbar Barrel,서울시,강남구,강남구 삼성동 151-29,02-568-2589,True
타이거 래어 Tiger Lair Seoul,서울시,강남구,강남구 삼성동 152,010-8896-9710,True
식물원 282,서울시,강남구,강남구 삼성동 153-14,010 3121 6406,False
붓처스컷 The Butcher's Cut 삼성,서울시,강남구,강남구 삼성동 158-10,02-318-0973,True
인터컨티넨탈 서울 코엑스 스카이 라운지,서울시,강남구,강남구 삼성동 159,02-3452-2500,True
그랜드 인터컨티넨탈 로비 라운지 & 바,서울시,강남구,강남구 삼성동 159-8,02-555-5656,True
체 바 Che Bar,서울시,강남구,강남구 논현동 59-11,02-3445-5173,False
블라스트 BLAST,서울시,강남구,강남구 논현동 74,02-517-8833,True
임바이브 Imbibe,서울시,강남구,강남구 논현동 143-9,02-6951-2880,True
장생 건강원,서울시,강남구,강남구 논현동 145-12,070-7543-1077,True
노 바 인 헤븐 No Bar In Heaven,서울시,강남구,강남구 논현동 161,070-7734-0045,False
파크하얏트 팀버하우스 바 Timberhouse,서울시,강남구,강남구 대치동 995-14,02-2016-1291,True
티 앤 푸르프 Tea and Proof,서울시,강남구,강남구 도곡동 454,02-577-0515,True
바 크로스비 Bar Crosby,서울시,서초구,서초구 양재동 93-7,02-576-7754,True
메리어트 호텔 바 루즈 Bar Rouge,서울시,서초구,서초구 반포동 19-3,02-6282-6262,True
모보 바 Mobo Bar,서울시,서초구,서초구 반포동 19-3,02-6282-6739,False
리빙턴소셜 Rivington Social,서울시,서초구,서초구 반포동 72-3,02-537-5528,False
노이 84 Noy 84,서울시,서초구,서초구 반포동 92-4,070-7778-6334,True
리퀴드 소울 Liquid Soul 서래마을,서울시,서초구,서초구 반포동 92-15,02-533-9215,True
베스퍼 Vesper,서울시,서초구,서초구 반포동 94-17,02-595-7124,True
틈 TEUM Bar 서래마을,서울시,서초구,서초구 반포4동 97-4,02-534-7774,True
엘피바 제플린 LP BAR Zeppelin,서울시,서초구,서초구 서초동 1302-45,02-532-9727,True
로프트 강남 Loft Gangnam,서울시,서초구,서초구 서초동 1327-29,02-522-9888,True
코트룸 CourtRoom,서울시,서초구,서초구 서초동 1557-17,02-585-9888,True
바 코난 Bar Conan,서울시,송파구,송파구 잠실동 187-15,02-3431-6039,True
컴파스 라운지 Compass Lounge,서울시,송파구,송파구 잠실동 198,010-6878-5053,False
판테라 Pantera,서울시,송파구,송파구 잠실동 200-6,02-419-4949,True
비바 라 비다 더 뮤지엄 Viva La Vida The Museum,서울시,송파구,송파구 잠실동 208-3,010-5150-1124,True
엘피 바 마틸다 LP Bar Matilda,서울시,송파구,송파구 잠실본동 193-2,02-423-3629,False
바 다빈치 Bar Davinci,서울시,송파구,송파구 방이동 36-7,02-420-6042,True
코코 라운지 Co Co Lounge,서울시,송파구,송파구 방이동 36-16,02-413-4100,True
루이스 Louis 방이점,서울시,송파구,송파구 방이동 49-20,02-420-5266,False
카페 루이 Café Louis 잠실점,서울시,송파구,송파구 송파동 8-13,02-420-7146,False
라이언하트 Lion Heart,서울시,송파구,송파구 송파동 31-2,02-6413-9080,True
몰트앤모어 Malt & More,서울시,송파구,송파구 가락동 18-15,010-2985-8876,True
아미쿠스 Amicus,서울시,송파구,송파구 가락동 174-9,010-3135-1226,False
탐듀 바 Tamdhu Bar,서울시,송파구,송파구 문정동 333-4,02-2135-3838,False
인썸니아 Insomnia,서울시,송파구,송파구 문정동 652-4,02-6956-0511,True
바람 바 Baram Bar,서울시,강동구,강동구 성내동 157-1,02-484-4417,True
불루문 Blue Moon,서울시,강동구,강동구 천호동 415-31,02-478-6102,False
칵테일 컴퍼니 Cocktail Company,서울시,영등포구,영등포구 영등포동 3가 4-7,010-9464-1369,False
블랙바 여의도 Black Bar Yeodo,서울시,영등포구,영등포구 여의도동 17-5,02-6671-7429,True
콘래드호텔 37 Grill & Bar,서울시,영등포구,영등포구 여의도동 23-1,02-6137-7000,True
테누토 TENUTO,서울시,영등포구,영등포구 여의도동 26,02-785-0066,False
마르셀 Marcel,서울시,영등포구,영등포구 여의도동 28-3,070-4179-7509,True
몰트바 백경,서울시,영등포구,영등포구 여의도동 43-4,02-786-3226,False
씨에스 바 CS Bar,서울시,영등포구,영등포구 여의도동 44-12,010-8480-6414,False
요츠 바 Yots Bar,서울시,영등포구,영등포구 여의도동 44-14,02-863-5455,True
미스터 제이슨 Mr.Jason Bar,서울시,영등포구,영등포구 여의도동 44-23,010-8767-5243,False
글렌우드 GlenWood,서울시,영등포구,영등포구 여의도동 44-27,02-780-6243,True
더 캐스크 THE CASK,서울시,영등포구,영등포구 여의도동 44-37,02-780-3226,False
무정형 無定形,서울시,영등포구,영등포구 문래동4가 6-3,010-5096-4430,True
로프트호텔 브릭스 Loft Hotel Brix,서울시,영등포구,영등포구 선유동2로 72,02-2068-7765,True
헬리콘 바 Helicon Bar,서울시,영등포구,영등포구 양평동2가 33-28,02-2636-5747,True
벡 Beck,서울시,관악구,관악구 인헌동 1630-9,02-6015-1533,False
테일 오브 테일스 Tale of Tales,서울시,관악구,관악구 행운동 1675-20,070-8867-6957,True
칠 Chill,서울시,관악구,관악구 봉천동 972-15,02-871-3737,False
오드비 Eau De Vie,서울시,관악구,관악구 봉천동 1612-2,010-2697-2306,True
제리 바 Jerry Bar,서울시,관악구,관악구 봉천동 1612-16,070-4212-1290,True
혼자노는양,서울시,관악구,관악구 봉천동 1625-25,02-871-2789,False
미라보 Mirabeau,서울시,관악구,관악구 봉천동 1663-8,010-7292-7031,False
소람 Soram,서울시,동작구,동작구 사당동 1019-17,02-522-6987,True
쉐라톤 서울 디큐브시티 호텔 라운지바,서울시,구로구,구로구 신도림동 360-51,02-2211-1740,False
Pub n Bar 공사중,서울시,구로구,구로구 구로3동 1124-58,02-855-8266,True
바 오피움 Bar Opium,서울시,양천구,양천구 목동 406-72,010-6654-5626,True
알콜트리 Alcohol Tree,서울시,양천구,양천구 목동 406-227,02-2642-3012,True
더 웨스트 햄릿 The West Hamlet,서울시,강서구,강서구 방화동 562-38,02-2665-6238,True
파파진구 PaPa Jingu,서울시,강서구,강서구 등촌동 647-35,02-3661-4960,True
온더월 On The Wall,서울시,강서구,강서구 마곡동 797-9,010-9087-0625,False
올드타임 Old Time,서울시,강서구,강서구 마곡동 795-2,010-5554-1604,False
스피크이지 몰타르 Speakeasy Mortar,서울시,용산구,용산구 한남동 29-4,,False
아시아 칵테일 클럽 Asia Cocktail Club,서울시,용산구,용산구 한남동 29-6,02-790-2960,False
더 부즈 한남 The Booze,서울시,용산구,용산구 한남동 31-5,02-797-8002,True
오센틱 바 소코 Authentic Bar SOKO,서울시,용산구,용산구 한남동 31-13,010-9471-4486,True
앵커드 Anchored,서울시,용산구,용산구 한남동 32-28,1670-0872,False
한남 리커 에이징 하우스 Hannam Liquor Aging House,서울시,용산구,용산구 한남동 68-20,02-790-7280,True
반 라운지 Bar N Lounge,서울시,용산구,용산구 한남동 68-20,02-793-0818,True
옥스 바 OX Bar,서울시,용산구,용산구 한남동 68-21,02-797-5200,False
에이치 에비뉴 H avenue,서울시,용산구,용산구 한남동 261-6,02-3785-1105,False
마일스톤 Mile Stone,서울시,용산구,용산구 한남동 263-10,02-797-1136,True
바 바로크 Bar Baroque,서울시,용산구,용산구 한남동 522-1,02-794-5503,True
27 Stairs,서울시,용산구,용산구 한남동 621-3,,False
소하 라운지 SOHA Lounge,서울시,용산구,용산구 한남동 653-94,02-792-5055,True
블라인드 피그 Blind Pig,서울시,용산구,용산구 한남동 638-5,010-9000-0502,True
버번 스트릿 Bourbon ST.,서울시,용산구,용산구 한남동 657-77,02-797-6578,False
카바레 1972 Cabare 1972,서울시,용산구,용산구 한남동 657-115,02-512-8321,False
한남시가 Hannam Cigar,서울시,용산구,용산구 한남동 657-144,02-749-3226,False
와이낫 Why Not,서울시,용산구,용산구 한남동 657-160,010-9287-3226,True
푸시풋 살룬 Pussyfoot Saloon,서울시,용산구,용산구 한남동 657-189,02-792-5945,True
마이너스 Miners,서울시,용산구,용산구 한남동 657-204,02-796-2111,True
바 히든 Bar Hedon,서울시,용산구,용산구 한남동 684-88,,True
몽키 숄더 Monkey Shoulder,서울시,용산구,용산구 한남동 738-7,070-4157-5414,True
그랜드하얏트 호텔 파리스 바 Paris Bar,서울시,용산구,용산구 한남동 747-7,02-799-8361,True
썰스티 썰스데이 Thirsty Thursday,서울시,용산구,용산구 한남동 765-27,02-797-7008,False
더 버뮤다 The Bermuda,서울시,용산구,용산구 이태원동 34-50,02-749-9447,True
라즈무 파티오 Lazmoo Patio,서울시,용산구,용산구 이태원동 57-15,02-337-9337,False
트웰브 체어 Twelve Chair,서울시,용산구,용산구 이태원동 66-2,010-7117-9602,True
라누베 La Nube,서울시,용산구,용산구 이태원동 72-22,02-797-0951,True
아파트 Apt Seoul,서울시,용산구,용산구 이태원동 97-10,070-7789-9710,True
로드 Lord,서울시,용산구,용산구 이태원동 116-7,010-9696-7951,True
버뮤다 트라이앵글 Bermuda Triangle,서울시,용산구,용산구 이태원동 116-22,02-749-0427,False
반창고 Bandage Bar,서울시,용산구,용산구 이태원동 224-1,070-7724-1001,True
오르막 Orrmark,서울시,용산구,용산구 이태원동 224-89,010-3005-0341,False
프래그릿 Fraglit 경리단,서울시,용산구,용산구 이태원동 225-61,,True
노스트레스 온 더 앨리 No stress on the alley,서울시,용산구,용산구 이태원동 225-170,02-749-3483,False
42 래빗 42 Rabbit,서울시,용산구,용산구 이태원동 258-61,02-795-2766,False
트웰브 Twelve 경리단,서울시,용산구,용산구 이태원동 278-8,02-3785-2413,True
번 인 할 Burn in Hal,서울시,용산구,용산구 이태원동 305-7,02-794-8077,False
사우스사이드팔러 Southside Parlor,서울시,용산구,용산구 이태원동 527,02-749-9522,True
바 딥 Bar Deep,서울시,용산구,용산구 이태원동 671,,False
바버스 조인트 Barbers Joint,서울시,용산구,용산구 보광동 265-376,010-3243-9844,False
돈 패닉 Don't Panic,서울시,용산구,용산구 보광동 265-985,,False
모어 댄 위스키 More than whisky 해방촌,서울시,용산구,용산구 용산동2가 5-758,010-9253-1163,False
라 마밋 La Marmite,서울시,용산구,용산구 용산동2가 5-767,,False
프래그릿 Fraglit 해방촌,서울시,용산구,용산구 용산동2가 5-1608,010-2593-0380,False
올드 나이브스 Olde Knives 해방촌,서울시,용산구,용산구 용산동2가 27-5,010-7534-1982,False
트웰브 Twelve 해방촌,서울시,용산구,용산구 용산동2가 45-1,02-796-9693,False
헬카페 스피리터스 Hellcafe Spiritus,서울시,용산구,용산구 이촌동 300-23,,True
백룸 Back Room,서울시,용산구,용산구 원효로 1가 43-13,010-7510-0400,True
THE 26,서울시,용산구,용산구 한강로3가 40-969,02-2223-7323,True
바 오리올 Bar Oriole,서울시,용산구,용산구 후암동 406-57,010-8436-7995,False
클래식바 빈 Bar Bin,서울시,마포구,마포구 염리동 174-14,02-706-1781,False
발린치 Valinch,서울시,마포구,마포구 공덕동 256-30,02-702-5929,False
팩토리 엠 Factory M,서울시,마포구,마포구 공덕동 476,02-337-7117,False
세가프레도 Segafredo Cafe & Bar,서울시,마포구,마포구 도화동 25-13,02-2197-5052,False
마띠아 바자르,서울시,마포구,마포구 도화동 184-10,,False
니트 바 Neat Bar,서울시,마포구,마포구 도화동 334-3,02-706-4124,True
포체어스 Four Chairs,서울시,마포구,마포구 도화동 538,070-8899-3304,True
리슨 Listen,서울시,마포구,마포구 합정동 354-17,010-5220-0928,True
하이네스 카페바 HIGHNESS CAFE BAR,서울시,마포구,마포구 합정동 368-32,,True
빠바다 Bar bar da,서울시,마포구,마포구 합정동 382-16,02-325-1624,False
웨어하우스 Warehouse,서울시,마포구,마포구 상수동 93-104,010-8242-6411,False
바 페더 Bar Feather,서울시,마포구,마포구 상수동 311-7,010-2522-4048,True
바 상수리 Bar Sangsuri,서울시,마포구,마포구 상수동 324-9,010-4380-1818,True
위드램 WEEDRAM,서울시,마포구,마포구 상수동 325-2,02-583-0077,False
살롱 판타즈마 Salon Phantasma,서울시,마포구,마포구 상수동 330-15,070-4405-8562,False
더 채리엇 THE CHARIOT,서울시,마포구,마포구 상수동 330-21,02-336-0327,True
스윗제인 Sweet Jane,서울시,마포구,마포구 상수동 334-15,070-4214-0607,False
잇드링크앤비메리 Eat Drink & Be Merry,서울시,마포구,마포구 상수동 336-17,010-6202-0382,False
리틀빅 Little Big,서울시,마포구,마포구 서교동 330-46,010-9533-8204,True
사이드 노트 클럽 Side Note Club,서울시,마포구,마포구 서교동 354-5,02-330-7900,True
더 비이스트로 The Beastro,서울시,마포구,마포구 서교동 358-32,02-334-2500,False
티플러 Tippler,서울시,마포구,마포구 서교동 358-42,02-323-5944,False
바 리튬 Bar lithium,서울시,마포구,마포구 서교동 361-9,02-334-8868,True
바 다 Bar다,서울시,마포구,마포구 서교동 365-12,02-337-1818,True
루프탑 G,서울시,마포구,마포구 서교동 369-4,02-6403-0201,True
달 바 Dal,서울시,마포구,마포구 서교동 396-27,02-324-9440,False
팩토리 The Factory,서울시,마포구,마포구 서교동 402-13,02-337-3133,False
제로타임 Zerotime,서울시,마포구,마포구 서교동 403-4,02-332-3109,False
로빈스 스퀘어 Robin's Square,서울시,마포구,마포구 서교동 407-1,02-6085-6421,False
더라이온스덴 The Lion's Den 서교,서울시,마포구,마포구 서교동 408-17,02-333-1136,False
디스틸 d.still,서울시,마포구,마포구 서교동 410-3,02-337-7560,True
아퀴노 Aquino,서울시,마포구,마포구 서교동 475-15,02-6080-5385,False
하이드아웃 Hide Out,서울시,마포구,마포구 당산동3가 133,010-8896-5357,False
바 스톤에이지 Bar Stoneage,서울시,마포구,마포구 창전동 5-4,02-3144-6689,False
헤이븐 Haven,서울시,마포구,마포구 신수동 81-63,070-4127-3355,False
앤젤스 쉐어 Angels Share,서울시,마포구,마포구 동교동 148-12,02-3143-0180,False
깃털,서울시,마포구,마포구 동교동 153-11,070-4090-1162,True
히피히피 셰이크 Hippy Hippy Shake,서울시,마포구,마포구 동교동 154-1,02-338-6809,True
L7 Hotel 홍대 플로팅 라운지 Floating Lounge,서울시,마포구,마포구 동교동 160-5,,True
SILL,서울시,마포구,마포구 동교동 188-33,,False
탐구하는 생활,서울시,마포구,마포구 성산동 242-16,070-4111-0157,False
바 1925 Bar 1925,서울시,마포구,마포구 성산동 242-16,070-8865-1925,False
연남마실,서울시,마포구,마포구 연남동 454-11,070-7527-6590,True
톨 테일 TALLTALE,서울시,마포구,마포구 연남동 227-24,02-2633-4744,True
무디 Moody,서울시,마포구,마포구 연남동 223-93,02-3142-1010,True
더 비 The B,서울시,마포구,마포구 연남동 229-56,02-336-0900,False
허니홀 Honey Hall,서울시,마포구,마포구 연남동 255-17,02-335-2046,False
바 올드 패션드 Bar Old Fashioned,서울시,마포구,마포구 연남동 385-1,010-4143-2180,False
바 플랫폼 Bar Platform,서울시,마포구,마포구 연남동 387-13,070-4006-6915,False
백경 The Great White Whale 白鯨,서울시,마포구,마포구 연남동 390-78,,True
케이바 K Lee Bar,서울시,마포구,마포구 연남동 566-19,,False
소피 몰트 앤 와인 Sophie Malt & Wind,서울시,마포구,마포구 연남동 566-60,,False
책 바 Chaeg Bar,서울시,서대문구,서대문구 연희동 188-71,02-6449-5858,False
바코드 Bar Code,서울시,서대문구,서대문구 창천동 52-38,010-2434-5545,True
바 틸트 Bar TILT,서울시,서대문구,서대문구 창천동 52-151,02-322-8279,True
모어 댄 위스키 More than whisky 신촌,서울시,서대문구,서대문구 창천동 70-46,010-6379-6002,False
바 반칙,서울시,서대문구,서대문구 창천동 72-23,010-2687-2397,False
티지바 Tizzy bar,서울시,은평구,은평구 역촌동 1-45,02-352-8822,False
바 징크 Zinc,서울시,은평구,은평구 갈현동 454-20,02-356-1002,True
바 꿈꾸는다락방,서울시,은평구,은평구 응암동 427-131,02-355-6398,True
바 더 모먼트 Bar The Moment,서울시,은평구,은평구 응암동 592-65,010-7109-0294,True
뭄바 Moomba,서울시,중구,중구 태평로 1가 84,02-3783-0005,False
롯데호텔 피에르 바 Pierre Bar,서울시,중구,중구 소공동 1,02-317-7183,True
더 드로잉 룸 The Drawing Room,서울시,중구,중구 소공동 1,02-6959-4500,False
조선호텔 라운지 Lounge,서울시,중구,중구 소공동 87,02-771-0500,False
르 캬바레 시떼 Le Cabaret Cite,서울시,중구,중구 소공로 119,02-310-7400,False
갤러리 피그먼트 Gallery Pigment,서울시,중구,중구 남창동 196,02-6326-2001,True
신라호텔 라이브러리 바 Library Bar,서울시,중구,중구 장충동2가 202,02-2230-3388,True
L7 Hotel 명동 플로팅 라운지 Floating Lounge,서울시,중구,중구 충무로2가 62-12,02-6310-1000,True
마크 다모르 Marque d'Amour,서울시,중구,중구 회현동1가 194-19,02-317-4004,False
보버 라운지 Bover Lounge,서울시,중구,중구 회현동2가 88,02-6020-5755,False
라트롬 Ratrom,서울시,중구,중구 북창동 93-33,,True
바 숙희 熟喜 Bar SookHee,서울시,중구,중구 수표동 56-22,010-2978-7950,False
WXYZ Bar,서울시,중구,중구 명동2가 104,02-2084-1021,True
르 템플 Le Temple,서울시,중구,중구 을지로3가 295-3,02-2263-7575,True
고메 바 GOURMET BAR,서울시,중구,중구 을지로6가 58-5,02-3425-8102,True
핀스키 Finsky,서울시,중구,중구 을지로 7가 58-1,02-2275-1331,True
바501 BAR501,서울시,중구,중구 서소문동 53-1,02-755-2846,False
마이클 바이 해비치 Michael's by Haevichi,서울시,종로구,종로구 공평동 5-1,02-722-4300,True
포시즌 호텔 챨스 에이치 Charles H.,서울시,종로구,종로구 당주동 29,02-6388-5000,False
어비스 Abyss,서울시,종로구,종로구 내자동 95-1,070-8878-1378,True
텐더바 Tender Bar,서울시,종로구,종로구 내자동 98,02-733-8343,False
슬로우핸드 Slow Hand,서울시,종로구,종로구 내자동 110,02-737-9871,True
코블러 Cobbler,서울시,종로구,종로구 내자동 157,02-733-6421,True
참 바 Cham Bar,서울시,종로구,종로구 통인동 135-5,02-6402-4750,False
더 글렌코 The Glenco,서울시,종로구,종로구 동숭동 201-18,02-6082-8858,False
JW 메리어트 동대문 그리핀 Griffin Bar,서울시,종로구,종로구 종로6가 289-3,02-2276-3000,True
더 글렌코 The Glenco,서울시,종로구,종로구 동숭동 201-18,02-6082-8858,False
JW 메리어트 동대문 그리핀 Griffin Bar,서울시,종로구,종로구 종로6가 289-3,02-2276-3000,True
믹스 앤 몰트 Mix & Malt,서울시,종로구,종로구 창경궁로 29길 3,02-765-5945,False
합스카치 Hopscotch 광화문,서울시,종로구,종로구 통의동 27,02-722-0145,False
소호 17번지,서울시,종로구,종로구 명륜4가 85-7,02-747-8570,False
베일드,서울시,성동구,성동구 성수동1가 656-1069,02-466-2408,True
더클래식 The Classic,서울시,성동구,성동구 행당동 3-29,02-2282-2775,True
엘루이 비스트로,서울시,광진구,광진구 화양동 8-4,010-2974-8811,True
블루바 Blue Bar & Café,서울시,광진구,광진구 화양동 48-1,02-3114-2084,False
앤젤스 쉐어 Angels Share,경기도,성남시,성남시 분당구 백현동 580-6,031-702-3551,True
싱글 하우스 Single HAUS,서울시,광진구,광진구 자양동 10-39,070-8866-1256,True
다운템포 DownTempo,서울시,중랑구,중랑구 망우동 516-15,,False
바 테일러 Bar Tailor,서울시,성북구,성북구 동선동4가 88,070-7608-6583,True
낫 심플 Not Simple,서울시,강북구,강북구 수유동 188-2,010-7727-6583,False
엠바 M bar,서울시,강북구,강북구 수유3동 191-76,02-994-7797,False
더 바 102 The Bar 102,서울시,도봉구,도봉구 방학동683-15,,False
더 루이스 The Louis 위례점,경기도,성남시,성남시 수정구 창곡동 507,031-758-7577,True
언코르크 Uncork,경기도,성남시,성남시 수정구 창곡동 554-4,010-3157-6227,False
나이트 스틸러 Night Stealer 판교,경기도,성남시,성남시 분당구 백현동 581-1,031-709-9693,True
테일스 Tales,경기도,성남시,성남시 분당구 정자동 15-3,,True
모멘토 The Momento,경기도,성남시,성남시 분당구 정자동 165-1,031-603-4481,False
글로리 Glory,경기도,성남시,성남시 분당구 정자동 166-2,0507-1308-2181,False
OUNCE 28.35,경기도,성남시,성남시 분당구 정자동 174-1,031-713-2835,False
스튜디오 지구,경기도,성남시,성남시 분당구 삼평동 670,031-628-1000,False
디 엣지 The Edge Pub & Dining,경기도,성남시,성남시 분당구 야탑동 361-13,031-703-2692,False
소마 SOMA,경기도,성남시,성남시 분당구 삼평동 670,010-8330-0999,False
타겟 바 Target Bar,경기도,성남시,성남시 분당구 구미동 30,031-712-4916,False
땡스 위스키 Thanks Whisky,경기도,성남시,성남시 분당구 금곡동 147,031-716-3551,False
씩스 어클락 6 o'clock,경기도,부천시,부천시 소사구 괴안동 113-1,010-9088-8772,False
뚜르 드 몽 Toud de monde,경기도,부천시,부천시 원미구 중동 1111,,True
시크릿 바 Secret Bar,경기도,안양시,안양시 동안구 관양동 1604-4,031-388-7454,False
케빈스 캐빈 Kevin's Cabin,경기도,안양시,안양시 동안구 비산동 1112-1,031-381-2806,False
바 체이서 Bar Chaser,경기도,안양시,동안구 호계동 1047-6,031-381-1223,False
바 하바나 Bar Habana,경기도,시흥시,시흥시 대야동 534-3,031-312-4448,True
플랜트 Plant,경기도,수원시,수원시 영통구 원천동 25-10,010-8985-8938,False
리포르마 Reforma,경기도,수원시,팔달구 인계동 1031-4,031-234-4254,True
미누 바 Minu Bar,경기도,화성시,화성시 반송동 87-4,010-8181-1411,True
바스트로 37 Bar Stro 37,경기도,광주시,광주시 오포읍 신현리 341-3,010-5063-8143,True
리즈 Leads,경기도,고양시,고양시 일산동구 장항동 853-1,010 5894 8133,False
파파살롱 PAPA SALON,경기도,파주시,파주시 동패동 1701,031-947-8846,True
에픽키친 Epic Kitchen,부산시,금정구,금정구 장전동 312-3,010-3239-0034,True
더롯지 The Lodge Bar,부산시,동래구,동래구 명륜동 549-15,051-555-5822,True
돈 킬 마이 바이브 Don't Kill My Vibe,부산시,해운대구,해운대구 우동 532-22,070-7612-5019,False
도머 Dormer,부산시,해운대구,해운대구 우동 618-45,051-747-7741,True
바 빈끌로 Bar Vinculo,부산시,해운대구,해운대구 중동 1394-302,010-9944-1259,False
아티크 Attic,부산시,해운대구,해운대구 중동 1394-328,,False
파복스 해운대 Pavox Haeundae,부산시,해운대구,해운대구 해운대해변로 257,051-731-0435,True
어센틱 Authentic,부산시,해운대구,해운대구 해운대해변로 257,,False
스페이스바 Space Bar,부산시,해운대구,해운대구 센텀중앙로 90,051-782-3346,False
파복스 부산 서면 Pavox,부산시,부산진구,부산진구 부전동 225-5,051-802-2166,True
우드사이드 Wood Side,부산시,부산진구,부산진구 부전동 522-5,051-803-2775,True
클럽 에덴 Club Eden,부산시,부산진구,부산진구 전포동 354-5,010-2355-8876,False
심야술집 각,부산시,수영구,수영구 수영로476번길 19,,False
바 스터드 Bar Stird,부산시,수영구,수영구 민락동 166-13,070-8762-5769,True
696 Bar,부산시,수영구,수영구 민락동 217-17,051-752-0696,False
슬란지바 Slainte Mhath,부산시,남구,남구 대연동 427-17,051-625-8885,False
바텐더 Bartender,부산시,북구,북구 덕천1길 10,010-4055-3802,True
애프터 비원 After B1,대구시,중구,중구 삼덕동1가 31-2,053-254-3337,True
밀키웨이 Milkyway,대구시,중구,중구 삼덕동1가 52-5,010-8557-1928,True
바 A31 Bar A31 오리지날,대구시,중구,중구 삼덕동2가 30-7,,True
노킹 온 헤븐스도어 Knocking on heaven's door,대구시,중구,중구 삼덕동2가 139-8,053-254-5882,True
공평주 公平酒,대구시,중구,중구 공평동 81-6,053-253-4865,True
펜트 76 Pent 76,대구시,중구,중구 북성로2가 59-2,010-4070-0076,False
소나무,대구시,중구,중구 동덕로 56-5,053-422-1341,True
아로마 바 Aroma Bar,대구시,중구,중구 달성로 72 -11,,False
펠리키타스 Felicitas,대구시,남구,남구 봉덕동 688-31,053-473-3369,False
비 원 B1,대구시,수성구,수성구 두산동 680,010-2098-3148,True
하프 문 Half Moon,대구시,수성구,수성구 두산동 702,053-763-3568,False
파라다이스 시티 루빅 Paradise City Rubik,인천시,중구,중구 영종해안남로 321길 186,1833-8855,False
파라다이스 시티 크로마 뮤직 라운지,인천시,중구,중구 영종해안남로 321길 186,1833-8855,False
로어스 다이닝 바 Rawers Dining Bar,인천시,남동구,남동구 구월동 1171-24,070-7623-2020,True
온더바 On The Bar,인천시,부평구,부평구 부평동 206-1,032-505-2558,True
철문,인천시,부평구,부평구 부평동 204-79,010-3636-3699,True
로즈힐 Rose Hill,인천시,서구,서구 푸른로 16번길 17,010-7721-6539,False
라이바리,인천시,미추홀구,미추홀구 용현동 193-5,010-6694-8399,False
더 부즈 The Booze 제주,제주도,제주시,제주시 노형동 3782-1,064-747-0045,True
정글북 By 앨리스,제주도,제주시,제주시 연동 263-15,064-710-8246,False
허클베리핀,제주도,제주시,제주시 노형동 742,064-742-1884,False
블랙바 Black Bar Jeju,제주도,서귀포시,서귀포시 솔동산로 27,064-733-2727,False
아도니스 바 Bar Adonis,대전시,중구,중구 대흥동 213-1,042-257-8123,True
더 쉘터 The Shelter,대전시,서구,서구 둔산동 1102,042-482-2843,True
애정결핍,대전시,서구,서구 갈마동 1206,042-537-4598,True
오드비 Eau de Vie,대전시,유성구,유성구 봉명동 677-1,010-3852-1352,True
럭키스트라이크 송촌동,대전시,대덕구,대덕구 송촌동 465-3,,True
바 차가운 새벽,전라북도,전주시,전주시 완산구 전동3가 2-241,,False
진주도가,전라북도,전주시,전주시 완산구 중앙동 1가 61-3,063-287-3392,True
앙팡테리블 ENFANT TERRIBLE,전라북도,군산시,군산시 개복동 9-1,010-7640-1031,True
바 세컨드 룸 Bar Second Room,전라북도,군산시,군산시 수송동 832-5,010-3355-7006,True
바 아스타 Bar Astar,강원도,강릉시,강릉시 교동 1821-12,033-642-4309,True
바앤라운지 Bar & Lounge,강원도,춘천시,춘천시 효자3동 628-17,033-244-7284,True
믹스테이블 Mix Table,강원도,춘천시,춘천시 퇴계로 129-19,010-3592-3993,True
비 앤 아일레이 Bee & Islay,충청남도,천안시,천안시 서북구 두정동 923,041-563-5061,True
발렌타인 바 Ballatine's Bar,충청남도,홍성군,홍성군 홍성읍 월산리 839-2,010-2885-4078,False
멀린 Bar Merlin,울산시,남구,남구 달동 1276-2,052-267-2018,True
앙투라지 Entourage,울산시,남구,남구 달동 1258-6,010-6777-2169,False
소 퍼플 2 So Purple ver.2,광주시,북구,북구 용봉동 159-2,010-8605-7788,True
르뱅 Le Bain,광주시,동구,동구 장동 67-14,010-7252-7950,True
스틸룸 Still Room,경상북도,경주시,경주시 원효로 87,054-741-7001,True
마이빈 My Bin,경상북도,포항시,포항시 북구 두호동 1008-1,054-247-1238,True
사운드가든 Sound Garden,경상남도,진주시,진주시 가좌동 1445-7,010-6478-2248,True
까미노까사 KaMino a casa,경상남도,거제시,거제시 고현동 961-163,010-6275-8963,True
비스트로 긴 Bistro Gin,전라남도,순천시,순천시 조례동 1721-1,061-727-2759,True
더 클래식 The Classic,전라남도,순천시,순천시 남신월 1길 8-11,010-2100-6182,True
바_이올렛 Bar Eolet,충청북도,청주시,청주시 서원구 사창동 156-15,043-902-0707,True
